corp	enforcement	overlay	gateway	targets	platform	outcome
absent	permissive	down	present	resolved	darwin	noop:no_corp_tunnel
absent	permissive	down	present	resolved	nixos	noop:no_corp_tunnel
absent	permissive	down	present	unread	darwin	blind:targets
absent	permissive	down	present	unread	nixos	blind:targets
absent	permissive	down	absent	resolved	darwin	noop:no_corp_tunnel
absent	permissive	down	absent	resolved	nixos	noop:no_corp_tunnel
absent	permissive	down	absent	unread	darwin	blind:targets
absent	permissive	down	absent	unread	nixos	blind:targets
absent	permissive	down	unread	resolved	darwin	blind:gateway
absent	permissive	down	unread	resolved	nixos	blind:gateway
absent	permissive	down	unread	unread	darwin	blind:gateway,targets
absent	permissive	down	unread	unread	nixos	blind:gateway,targets
absent	permissive	direct	present	resolved	darwin	noop:no_corp_tunnel
absent	permissive	direct	present	resolved	nixos	noop:no_corp_tunnel
absent	permissive	direct	present	unread	darwin	blind:targets
absent	permissive	direct	present	unread	nixos	blind:targets
absent	permissive	direct	absent	resolved	darwin	noop:no_corp_tunnel
absent	permissive	direct	absent	resolved	nixos	noop:no_corp_tunnel
absent	permissive	direct	absent	unread	darwin	blind:targets
absent	permissive	direct	absent	unread	nixos	blind:targets
absent	permissive	direct	unread	resolved	darwin	blind:gateway
absent	permissive	direct	unread	resolved	nixos	blind:gateway
absent	permissive	direct	unread	unread	darwin	blind:gateway,targets
absent	permissive	direct	unread	unread	nixos	blind:gateway,targets
absent	permissive	relay	present	resolved	darwin	noop:no_corp_tunnel
absent	permissive	relay	present	resolved	nixos	noop:no_corp_tunnel
absent	permissive	relay	present	unread	darwin	blind:targets
absent	permissive	relay	present	unread	nixos	blind:targets
absent	permissive	relay	absent	resolved	darwin	noop:no_corp_tunnel
absent	permissive	relay	absent	resolved	nixos	noop:no_corp_tunnel
absent	permissive	relay	absent	unread	darwin	blind:targets
absent	permissive	relay	absent	unread	nixos	blind:targets
absent	permissive	relay	unread	resolved	darwin	blind:gateway
absent	permissive	relay	unread	resolved	nixos	blind:gateway
absent	permissive	relay	unread	unread	darwin	blind:gateway,targets
absent	permissive	relay	unread	unread	nixos	blind:gateway,targets
absent	permissive	none	present	resolved	darwin	noop:no_corp_tunnel
absent	permissive	none	present	resolved	nixos	noop:no_corp_tunnel
absent	permissive	none	present	unread	darwin	blind:targets
absent	permissive	none	present	unread	nixos	blind:targets
absent	permissive	none	absent	resolved	darwin	noop:no_corp_tunnel
absent	permissive	none	absent	resolved	nixos	noop:no_corp_tunnel
absent	permissive	none	absent	unread	darwin	blind:targets
absent	permissive	none	absent	unread	nixos	blind:targets
absent	permissive	none	unread	resolved	darwin	blind:gateway
absent	permissive	none	unread	resolved	nixos	blind:gateway
absent	permissive	none	unread	unread	darwin	blind:gateway,targets
absent	permissive	none	unread	unread	nixos	blind:gateway,targets
absent	permissive	unread	present	resolved	darwin	blind:overlay
absent	permissive	unread	present	resolved	nixos	blind:overlay
absent	permissive	unread	present	unread	darwin	blind:overlay,targets
absent	permissive	unread	present	unread	nixos	blind:overlay,targets
absent	permissive	unread	absent	resolved	darwin	blind:overlay
absent	permissive	unread	absent	resolved	nixos	blind:overlay
absent	permissive	unread	absent	unread	darwin	blind:overlay,targets
absent	permissive	unread	absent	unread	nixos	blind:overlay,targets
absent	permissive	unread	unread	resolved	darwin	blind:overlay,gateway
absent	permissive	unread	unread	resolved	nixos	blind:overlay,gateway
absent	permissive	unread	unread	unread	darwin	blind:overlay,gateway,targets
absent	permissive	unread	unread	unread	nixos	blind:overlay,gateway,targets
absent	routes_rewritten	down	present	resolved	darwin	noop:no_corp_tunnel
absent	routes_rewritten	down	present	resolved	nixos	noop:no_corp_tunnel
absent	routes_rewritten	down	present	unread	darwin	blind:targets
absent	routes_rewritten	down	present	unread	nixos	blind:targets
absent	routes_rewritten	down	absent	resolved	darwin	noop:no_corp_tunnel
absent	routes_rewritten	down	absent	resolved	nixos	noop:no_corp_tunnel
absent	routes_rewritten	down	absent	unread	darwin	blind:targets
absent	routes_rewritten	down	absent	unread	nixos	blind:targets
absent	routes_rewritten	down	unread	resolved	darwin	blind:gateway
absent	routes_rewritten	down	unread	resolved	nixos	blind:gateway
absent	routes_rewritten	down	unread	unread	darwin	blind:gateway,targets
absent	routes_rewritten	down	unread	unread	nixos	blind:gateway,targets
absent	routes_rewritten	direct	present	resolved	darwin	noop:no_corp_tunnel
absent	routes_rewritten	direct	present	resolved	nixos	noop:no_corp_tunnel
absent	routes_rewritten	direct	present	unread	darwin	blind:targets
absent	routes_rewritten	direct	present	unread	nixos	blind:targets
absent	routes_rewritten	direct	absent	resolved	darwin	noop:no_corp_tunnel
absent	routes_rewritten	direct	absent	resolved	nixos	noop:no_corp_tunnel
absent	routes_rewritten	direct	absent	unread	darwin	blind:targets
absent	routes_rewritten	direct	absent	unread	nixos	blind:targets
absent	routes_rewritten	direct	unread	resolved	darwin	blind:gateway
absent	routes_rewritten	direct	unread	resolved	nixos	blind:gateway
absent	routes_rewritten	direct	unread	unread	darwin	blind:gateway,targets
absent	routes_rewritten	direct	unread	unread	nixos	blind:gateway,targets
absent	routes_rewritten	relay	present	resolved	darwin	noop:no_corp_tunnel
absent	routes_rewritten	relay	present	resolved	nixos	noop:no_corp_tunnel
absent	routes_rewritten	relay	present	unread	darwin	blind:targets
absent	routes_rewritten	relay	present	unread	nixos	blind:targets
absent	routes_rewritten	relay	absent	resolved	darwin	noop:no_corp_tunnel
absent	routes_rewritten	relay	absent	resolved	nixos	noop:no_corp_tunnel
absent	routes_rewritten	relay	absent	unread	darwin	blind:targets
absent	routes_rewritten	relay	absent	unread	nixos	blind:targets
absent	routes_rewritten	relay	unread	resolved	darwin	blind:gateway
absent	routes_rewritten	relay	unread	resolved	nixos	blind:gateway
absent	routes_rewritten	relay	unread	unread	darwin	blind:gateway,targets
absent	routes_rewritten	relay	unread	unread	nixos	blind:gateway,targets
absent	routes_rewritten	none	present	resolved	darwin	noop:no_corp_tunnel
absent	routes_rewritten	none	present	resolved	nixos	noop:no_corp_tunnel
absent	routes_rewritten	none	present	unread	darwin	blind:targets
absent	routes_rewritten	none	present	unread	nixos	blind:targets
absent	routes_rewritten	none	absent	resolved	darwin	noop:no_corp_tunnel
absent	routes_rewritten	none	absent	resolved	nixos	noop:no_corp_tunnel
absent	routes_rewritten	none	absent	unread	darwin	blind:targets
absent	routes_rewritten	none	absent	unread	nixos	blind:targets
absent	routes_rewritten	none	unread	resolved	darwin	blind:gateway
absent	routes_rewritten	none	unread	resolved	nixos	blind:gateway
absent	routes_rewritten	none	unread	unread	darwin	blind:gateway,targets
absent	routes_rewritten	none	unread	unread	nixos	blind:gateway,targets
absent	routes_rewritten	unread	present	resolved	darwin	blind:overlay
absent	routes_rewritten	unread	present	resolved	nixos	blind:overlay
absent	routes_rewritten	unread	present	unread	darwin	blind:overlay,targets
absent	routes_rewritten	unread	present	unread	nixos	blind:overlay,targets
absent	routes_rewritten	unread	absent	resolved	darwin	blind:overlay
absent	routes_rewritten	unread	absent	resolved	nixos	blind:overlay
absent	routes_rewritten	unread	absent	unread	darwin	blind:overlay,targets
absent	routes_rewritten	unread	absent	unread	nixos	blind:overlay,targets
absent	routes_rewritten	unread	unread	resolved	darwin	blind:overlay,gateway
absent	routes_rewritten	unread	unread	resolved	nixos	blind:overlay,gateway
absent	routes_rewritten	unread	unread	unread	darwin	blind:overlay,gateway,targets
absent	routes_rewritten	unread	unread	unread	nixos	blind:overlay,gateway,targets
absent	egress_blocked	down	present	resolved	darwin	noop:no_corp_tunnel
absent	egress_blocked	down	present	resolved	nixos	noop:no_corp_tunnel
absent	egress_blocked	down	present	unread	darwin	blind:targets
absent	egress_blocked	down	present	unread	nixos	blind:targets
absent	egress_blocked	down	absent	resolved	darwin	noop:no_corp_tunnel
absent	egress_blocked	down	absent	resolved	nixos	noop:no_corp_tunnel
absent	egress_blocked	down	absent	unread	darwin	blind:targets
absent	egress_blocked	down	absent	unread	nixos	blind:targets
absent	egress_blocked	down	unread	resolved	darwin	blind:gateway
absent	egress_blocked	down	unread	resolved	nixos	blind:gateway
absent	egress_blocked	down	unread	unread	darwin	blind:gateway,targets
absent	egress_blocked	down	unread	unread	nixos	blind:gateway,targets
absent	egress_blocked	direct	present	resolved	darwin	noop:no_corp_tunnel
absent	egress_blocked	direct	present	resolved	nixos	noop:no_corp_tunnel
absent	egress_blocked	direct	present	unread	darwin	blind:targets
absent	egress_blocked	direct	present	unread	nixos	blind:targets
absent	egress_blocked	direct	absent	resolved	darwin	noop:no_corp_tunnel
absent	egress_blocked	direct	absent	resolved	nixos	noop:no_corp_tunnel
absent	egress_blocked	direct	absent	unread	darwin	blind:targets
absent	egress_blocked	direct	absent	unread	nixos	blind:targets
absent	egress_blocked	direct	unread	resolved	darwin	blind:gateway
absent	egress_blocked	direct	unread	resolved	nixos	blind:gateway
absent	egress_blocked	direct	unread	unread	darwin	blind:gateway,targets
absent	egress_blocked	direct	unread	unread	nixos	blind:gateway,targets
absent	egress_blocked	relay	present	resolved	darwin	noop:no_corp_tunnel
absent	egress_blocked	relay	present	resolved	nixos	noop:no_corp_tunnel
absent	egress_blocked	relay	present	unread	darwin	blind:targets
absent	egress_blocked	relay	present	unread	nixos	blind:targets
absent	egress_blocked	relay	absent	resolved	darwin	noop:no_corp_tunnel
absent	egress_blocked	relay	absent	resolved	nixos	noop:no_corp_tunnel
absent	egress_blocked	relay	absent	unread	darwin	blind:targets
absent	egress_blocked	relay	absent	unread	nixos	blind:targets
absent	egress_blocked	relay	unread	resolved	darwin	blind:gateway
absent	egress_blocked	relay	unread	resolved	nixos	blind:gateway
absent	egress_blocked	relay	unread	unread	darwin	blind:gateway,targets
absent	egress_blocked	relay	unread	unread	nixos	blind:gateway,targets
absent	egress_blocked	none	present	resolved	darwin	noop:no_corp_tunnel
absent	egress_blocked	none	present	resolved	nixos	noop:no_corp_tunnel
absent	egress_blocked	none	present	unread	darwin	blind:targets
absent	egress_blocked	none	present	unread	nixos	blind:targets
absent	egress_blocked	none	absent	resolved	darwin	noop:no_corp_tunnel
absent	egress_blocked	none	absent	resolved	nixos	noop:no_corp_tunnel
absent	egress_blocked	none	absent	unread	darwin	blind:targets
absent	egress_blocked	none	absent	unread	nixos	blind:targets
absent	egress_blocked	none	unread	resolved	darwin	blind:gateway
absent	egress_blocked	none	unread	resolved	nixos	blind:gateway
absent	egress_blocked	none	unread	unread	darwin	blind:gateway,targets
absent	egress_blocked	none	unread	unread	nixos	blind:gateway,targets
absent	egress_blocked	unread	present	resolved	darwin	blind:overlay
absent	egress_blocked	unread	present	resolved	nixos	blind:overlay
absent	egress_blocked	unread	present	unread	darwin	blind:overlay,targets
absent	egress_blocked	unread	present	unread	nixos	blind:overlay,targets
absent	egress_blocked	unread	absent	resolved	darwin	blind:overlay
absent	egress_blocked	unread	absent	resolved	nixos	blind:overlay
absent	egress_blocked	unread	absent	unread	darwin	blind:overlay,targets
absent	egress_blocked	unread	absent	unread	nixos	blind:overlay,targets
absent	egress_blocked	unread	unread	resolved	darwin	blind:overlay,gateway
absent	egress_blocked	unread	unread	resolved	nixos	blind:overlay,gateway
absent	egress_blocked	unread	unread	unread	darwin	blind:overlay,gateway,targets
absent	egress_blocked	unread	unread	unread	nixos	blind:overlay,gateway,targets
absent	unknown	down	present	resolved	darwin	noop:no_corp_tunnel
absent	unknown	down	present	resolved	nixos	noop:no_corp_tunnel
absent	unknown	down	present	unread	darwin	blind:targets
absent	unknown	down	present	unread	nixos	blind:targets
absent	unknown	down	absent	resolved	darwin	noop:no_corp_tunnel
absent	unknown	down	absent	resolved	nixos	noop:no_corp_tunnel
absent	unknown	down	absent	unread	darwin	blind:targets
absent	unknown	down	absent	unread	nixos	blind:targets
absent	unknown	down	unread	resolved	darwin	blind:gateway
absent	unknown	down	unread	resolved	nixos	blind:gateway
absent	unknown	down	unread	unread	darwin	blind:gateway,targets
absent	unknown	down	unread	unread	nixos	blind:gateway,targets
absent	unknown	direct	present	resolved	darwin	noop:no_corp_tunnel
absent	unknown	direct	present	resolved	nixos	noop:no_corp_tunnel
absent	unknown	direct	present	unread	darwin	blind:targets
absent	unknown	direct	present	unread	nixos	blind:targets
absent	unknown	direct	absent	resolved	darwin	noop:no_corp_tunnel
absent	unknown	direct	absent	resolved	nixos	noop:no_corp_tunnel
absent	unknown	direct	absent	unread	darwin	blind:targets
absent	unknown	direct	absent	unread	nixos	blind:targets
absent	unknown	direct	unread	resolved	darwin	blind:gateway
absent	unknown	direct	unread	resolved	nixos	blind:gateway
absent	unknown	direct	unread	unread	darwin	blind:gateway,targets
absent	unknown	direct	unread	unread	nixos	blind:gateway,targets
absent	unknown	relay	present	resolved	darwin	noop:no_corp_tunnel
absent	unknown	relay	present	resolved	nixos	noop:no_corp_tunnel
absent	unknown	relay	present	unread	darwin	blind:targets
absent	unknown	relay	present	unread	nixos	blind:targets
absent	unknown	relay	absent	resolved	darwin	noop:no_corp_tunnel
absent	unknown	relay	absent	resolved	nixos	noop:no_corp_tunnel
absent	unknown	relay	absent	unread	darwin	blind:targets
absent	unknown	relay	absent	unread	nixos	blind:targets
absent	unknown	relay	unread	resolved	darwin	blind:gateway
absent	unknown	relay	unread	resolved	nixos	blind:gateway
absent	unknown	relay	unread	unread	darwin	blind:gateway,targets
absent	unknown	relay	unread	unread	nixos	blind:gateway,targets
absent	unknown	none	present	resolved	darwin	noop:no_corp_tunnel
absent	unknown	none	present	resolved	nixos	noop:no_corp_tunnel
absent	unknown	none	present	unread	darwin	blind:targets
absent	unknown	none	present	unread	nixos	blind:targets
absent	unknown	none	absent	resolved	darwin	noop:no_corp_tunnel
absent	unknown	none	absent	resolved	nixos	noop:no_corp_tunnel
absent	unknown	none	absent	unread	darwin	blind:targets
absent	unknown	none	absent	unread	nixos	blind:targets
absent	unknown	none	unread	resolved	darwin	blind:gateway
absent	unknown	none	unread	resolved	nixos	blind:gateway
absent	unknown	none	unread	unread	darwin	blind:gateway,targets
absent	unknown	none	unread	unread	nixos	blind:gateway,targets
absent	unknown	unread	present	resolved	darwin	blind:overlay
absent	unknown	unread	present	resolved	nixos	blind:overlay
absent	unknown	unread	present	unread	darwin	blind:overlay,targets
absent	unknown	unread	present	unread	nixos	blind:overlay,targets
absent	unknown	unread	absent	resolved	darwin	blind:overlay
absent	unknown	unread	absent	resolved	nixos	blind:overlay
absent	unknown	unread	absent	unread	darwin	blind:overlay,targets
absent	unknown	unread	absent	unread	nixos	blind:overlay,targets
absent	unknown	unread	unread	resolved	darwin	blind:overlay,gateway
absent	unknown	unread	unread	resolved	nixos	blind:overlay,gateway
absent	unknown	unread	unread	unread	darwin	blind:overlay,gateway,targets
absent	unknown	unread	unread	unread	nixos	blind:overlay,gateway,targets
absent	unread	down	present	resolved	darwin	blind:enforcement
absent	unread	down	present	resolved	nixos	blind:enforcement
absent	unread	down	present	unread	darwin	blind:enforcement,targets
absent	unread	down	present	unread	nixos	blind:enforcement,targets
absent	unread	down	absent	resolved	darwin	blind:enforcement
absent	unread	down	absent	resolved	nixos	blind:enforcement
absent	unread	down	absent	unread	darwin	blind:enforcement,targets
absent	unread	down	absent	unread	nixos	blind:enforcement,targets
absent	unread	down	unread	resolved	darwin	blind:enforcement,gateway
absent	unread	down	unread	resolved	nixos	blind:enforcement,gateway
absent	unread	down	unread	unread	darwin	blind:enforcement,gateway,targets
absent	unread	down	unread	unread	nixos	blind:enforcement,gateway,targets
absent	unread	direct	present	resolved	darwin	blind:enforcement
absent	unread	direct	present	resolved	nixos	blind:enforcement
absent	unread	direct	present	unread	darwin	blind:enforcement,targets
absent	unread	direct	present	unread	nixos	blind:enforcement,targets
absent	unread	direct	absent	resolved	darwin	blind:enforcement
absent	unread	direct	absent	resolved	nixos	blind:enforcement
absent	unread	direct	absent	unread	darwin	blind:enforcement,targets
absent	unread	direct	absent	unread	nixos	blind:enforcement,targets
absent	unread	direct	unread	resolved	darwin	blind:enforcement,gateway
absent	unread	direct	unread	resolved	nixos	blind:enforcement,gateway
absent	unread	direct	unread	unread	darwin	blind:enforcement,gateway,targets
absent	unread	direct	unread	unread	nixos	blind:enforcement,gateway,targets
absent	unread	relay	present	resolved	darwin	blind:enforcement
absent	unread	relay	present	resolved	nixos	blind:enforcement
absent	unread	relay	present	unread	darwin	blind:enforcement,targets
absent	unread	relay	present	unread	nixos	blind:enforcement,targets
absent	unread	relay	absent	resolved	darwin	blind:enforcement
absent	unread	relay	absent	resolved	nixos	blind:enforcement
absent	unread	relay	absent	unread	darwin	blind:enforcement,targets
absent	unread	relay	absent	unread	nixos	blind:enforcement,targets
absent	unread	relay	unread	resolved	darwin	blind:enforcement,gateway
absent	unread	relay	unread	resolved	nixos	blind:enforcement,gateway
absent	unread	relay	unread	unread	darwin	blind:enforcement,gateway,targets
absent	unread	relay	unread	unread	nixos	blind:enforcement,gateway,targets
absent	unread	none	present	resolved	darwin	blind:enforcement
absent	unread	none	present	resolved	nixos	blind:enforcement
absent	unread	none	present	unread	darwin	blind:enforcement,targets
absent	unread	none	present	unread	nixos	blind:enforcement,targets
absent	unread	none	absent	resolved	darwin	blind:enforcement
absent	unread	none	absent	resolved	nixos	blind:enforcement
absent	unread	none	absent	unread	darwin	blind:enforcement,targets
absent	unread	none	absent	unread	nixos	blind:enforcement,targets
absent	unread	none	unread	resolved	darwin	blind:enforcement,gateway
absent	unread	none	unread	resolved	nixos	blind:enforcement,gateway
absent	unread	none	unread	unread	darwin	blind:enforcement,gateway,targets
absent	unread	none	unread	unread	nixos	blind:enforcement,gateway,targets
absent	unread	unread	present	resolved	darwin	blind:enforcement,overlay
absent	unread	unread	present	resolved	nixos	blind:enforcement,overlay
absent	unread	unread	present	unread	darwin	blind:enforcement,overlay,targets
absent	unread	unread	present	unread	nixos	blind:enforcement,overlay,targets
absent	unread	unread	absent	resolved	darwin	blind:enforcement,overlay
absent	unread	unread	absent	resolved	nixos	blind:enforcement,overlay
absent	unread	unread	absent	unread	darwin	blind:enforcement,overlay,targets
absent	unread	unread	absent	unread	nixos	blind:enforcement,overlay,targets
absent	unread	unread	unread	resolved	darwin	blind:enforcement,overlay,gateway
absent	unread	unread	unread	resolved	nixos	blind:enforcement,overlay,gateway
absent	unread	unread	unread	unread	darwin	blind:enforcement,overlay,gateway,targets
absent	unread	unread	unread	unread	nixos	blind:enforcement,overlay,gateway,targets
split	permissive	down	present	resolved	darwin	noop:split_tunnel_leaves_default
split	permissive	down	present	resolved	nixos	noop:split_tunnel_leaves_default
split	permissive	down	present	unread	darwin	blind:targets
split	permissive	down	present	unread	nixos	blind:targets
split	permissive	down	absent	resolved	darwin	noop:split_tunnel_leaves_default
split	permissive	down	absent	resolved	nixos	noop:split_tunnel_leaves_default
split	permissive	down	absent	unread	darwin	blind:targets
split	permissive	down	absent	unread	nixos	blind:targets
split	permissive	down	unread	resolved	darwin	blind:gateway
split	permissive	down	unread	resolved	nixos	blind:gateway
split	permissive	down	unread	unread	darwin	blind:gateway,targets
split	permissive	down	unread	unread	nixos	blind:gateway,targets
split	permissive	direct	present	resolved	darwin	noop:split_tunnel_leaves_default
split	permissive	direct	present	resolved	nixos	noop:split_tunnel_leaves_default
split	permissive	direct	present	unread	darwin	blind:targets
split	permissive	direct	present	unread	nixos	blind:targets
split	permissive	direct	absent	resolved	darwin	noop:split_tunnel_leaves_default
split	permissive	direct	absent	resolved	nixos	noop:split_tunnel_leaves_default
split	permissive	direct	absent	unread	darwin	blind:targets
split	permissive	direct	absent	unread	nixos	blind:targets
split	permissive	direct	unread	resolved	darwin	blind:gateway
split	permissive	direct	unread	resolved	nixos	blind:gateway
split	permissive	direct	unread	unread	darwin	blind:gateway,targets
split	permissive	direct	unread	unread	nixos	blind:gateway,targets
split	permissive	relay	present	resolved	darwin	noop:split_tunnel_leaves_default
split	permissive	relay	present	resolved	nixos	noop:split_tunnel_leaves_default
split	permissive	relay	present	unread	darwin	blind:targets
split	permissive	relay	present	unread	nixos	blind:targets
split	permissive	relay	absent	resolved	darwin	noop:split_tunnel_leaves_default
split	permissive	relay	absent	resolved	nixos	noop:split_tunnel_leaves_default
split	permissive	relay	absent	unread	darwin	blind:targets
split	permissive	relay	absent	unread	nixos	blind:targets
split	permissive	relay	unread	resolved	darwin	blind:gateway
split	permissive	relay	unread	resolved	nixos	blind:gateway
split	permissive	relay	unread	unread	darwin	blind:gateway,targets
split	permissive	relay	unread	unread	nixos	blind:gateway,targets
split	permissive	none	present	resolved	darwin	noop:split_tunnel_leaves_default
split	permissive	none	present	resolved	nixos	noop:split_tunnel_leaves_default
split	permissive	none	present	unread	darwin	blind:targets
split	permissive	none	present	unread	nixos	blind:targets
split	permissive	none	absent	resolved	darwin	noop:split_tunnel_leaves_default
split	permissive	none	absent	resolved	nixos	noop:split_tunnel_leaves_default
split	permissive	none	absent	unread	darwin	blind:targets
split	permissive	none	absent	unread	nixos	blind:targets
split	permissive	none	unread	resolved	darwin	blind:gateway
split	permissive	none	unread	resolved	nixos	blind:gateway
split	permissive	none	unread	unread	darwin	blind:gateway,targets
split	permissive	none	unread	unread	nixos	blind:gateway,targets
split	permissive	unread	present	resolved	darwin	blind:overlay
split	permissive	unread	present	resolved	nixos	blind:overlay
split	permissive	unread	present	unread	darwin	blind:overlay,targets
split	permissive	unread	present	unread	nixos	blind:overlay,targets
split	permissive	unread	absent	resolved	darwin	blind:overlay
split	permissive	unread	absent	resolved	nixos	blind:overlay
split	permissive	unread	absent	unread	darwin	blind:overlay,targets
split	permissive	unread	absent	unread	nixos	blind:overlay,targets
split	permissive	unread	unread	resolved	darwin	blind:overlay,gateway
split	permissive	unread	unread	resolved	nixos	blind:overlay,gateway
split	permissive	unread	unread	unread	darwin	blind:overlay,gateway,targets
split	permissive	unread	unread	unread	nixos	blind:overlay,gateway,targets
split	routes_rewritten	down	present	resolved	darwin	noop:split_tunnel_leaves_default
split	routes_rewritten	down	present	resolved	nixos	noop:split_tunnel_leaves_default
split	routes_rewritten	down	present	unread	darwin	blind:targets
split	routes_rewritten	down	present	unread	nixos	blind:targets
split	routes_rewritten	down	absent	resolved	darwin	noop:split_tunnel_leaves_default
split	routes_rewritten	down	absent	resolved	nixos	noop:split_tunnel_leaves_default
split	routes_rewritten	down	absent	unread	darwin	blind:targets
split	routes_rewritten	down	absent	unread	nixos	blind:targets
split	routes_rewritten	down	unread	resolved	darwin	blind:gateway
split	routes_rewritten	down	unread	resolved	nixos	blind:gateway
split	routes_rewritten	down	unread	unread	darwin	blind:gateway,targets
split	routes_rewritten	down	unread	unread	nixos	blind:gateway,targets
split	routes_rewritten	direct	present	resolved	darwin	noop:split_tunnel_leaves_default
split	routes_rewritten	direct	present	resolved	nixos	noop:split_tunnel_leaves_default
split	routes_rewritten	direct	present	unread	darwin	blind:targets
split	routes_rewritten	direct	present	unread	nixos	blind:targets
split	routes_rewritten	direct	absent	resolved	darwin	noop:split_tunnel_leaves_default
split	routes_rewritten	direct	absent	resolved	nixos	noop:split_tunnel_leaves_default
split	routes_rewritten	direct	absent	unread	darwin	blind:targets
split	routes_rewritten	direct	absent	unread	nixos	blind:targets
split	routes_rewritten	direct	unread	resolved	darwin	blind:gateway
split	routes_rewritten	direct	unread	resolved	nixos	blind:gateway
split	routes_rewritten	direct	unread	unread	darwin	blind:gateway,targets
split	routes_rewritten	direct	unread	unread	nixos	blind:gateway,targets
split	routes_rewritten	relay	present	resolved	darwin	noop:split_tunnel_leaves_default
split	routes_rewritten	relay	present	resolved	nixos	noop:split_tunnel_leaves_default
split	routes_rewritten	relay	present	unread	darwin	blind:targets
split	routes_rewritten	relay	present	unread	nixos	blind:targets
split	routes_rewritten	relay	absent	resolved	darwin	noop:split_tunnel_leaves_default
split	routes_rewritten	relay	absent	resolved	nixos	noop:split_tunnel_leaves_default
split	routes_rewritten	relay	absent	unread	darwin	blind:targets
split	routes_rewritten	relay	absent	unread	nixos	blind:targets
split	routes_rewritten	relay	unread	resolved	darwin	blind:gateway
split	routes_rewritten	relay	unread	resolved	nixos	blind:gateway
split	routes_rewritten	relay	unread	unread	darwin	blind:gateway,targets
split	routes_rewritten	relay	unread	unread	nixos	blind:gateway,targets
split	routes_rewritten	none	present	resolved	darwin	noop:split_tunnel_leaves_default
split	routes_rewritten	none	present	resolved	nixos	noop:split_tunnel_leaves_default
split	routes_rewritten	none	present	unread	darwin	blind:targets
split	routes_rewritten	none	present	unread	nixos	blind:targets
split	routes_rewritten	none	absent	resolved	darwin	noop:split_tunnel_leaves_default
split	routes_rewritten	none	absent	resolved	nixos	noop:split_tunnel_leaves_default
split	routes_rewritten	none	absent	unread	darwin	blind:targets
split	routes_rewritten	none	absent	unread	nixos	blind:targets
split	routes_rewritten	none	unread	resolved	darwin	blind:gateway
split	routes_rewritten	none	unread	resolved	nixos	blind:gateway
split	routes_rewritten	none	unread	unread	darwin	blind:gateway,targets
split	routes_rewritten	none	unread	unread	nixos	blind:gateway,targets
split	routes_rewritten	unread	present	resolved	darwin	blind:overlay
split	routes_rewritten	unread	present	resolved	nixos	blind:overlay
split	routes_rewritten	unread	present	unread	darwin	blind:overlay,targets
split	routes_rewritten	unread	present	unread	nixos	blind:overlay,targets
split	routes_rewritten	unread	absent	resolved	darwin	blind:overlay
split	routes_rewritten	unread	absent	resolved	nixos	blind:overlay
split	routes_rewritten	unread	absent	unread	darwin	blind:overlay,targets
split	routes_rewritten	unread	absent	unread	nixos	blind:overlay,targets
split	routes_rewritten	unread	unread	resolved	darwin	blind:overlay,gateway
split	routes_rewritten	unread	unread	resolved	nixos	blind:overlay,gateway
split	routes_rewritten	unread	unread	unread	darwin	blind:overlay,gateway,targets
split	routes_rewritten	unread	unread	unread	nixos	blind:overlay,gateway,targets
split	egress_blocked	down	present	resolved	darwin	noop:split_tunnel_leaves_default
split	egress_blocked	down	present	resolved	nixos	noop:split_tunnel_leaves_default
split	egress_blocked	down	present	unread	darwin	blind:targets
split	egress_blocked	down	present	unread	nixos	blind:targets
split	egress_blocked	down	absent	resolved	darwin	noop:split_tunnel_leaves_default
split	egress_blocked	down	absent	resolved	nixos	noop:split_tunnel_leaves_default
split	egress_blocked	down	absent	unread	darwin	blind:targets
split	egress_blocked	down	absent	unread	nixos	blind:targets
split	egress_blocked	down	unread	resolved	darwin	blind:gateway
split	egress_blocked	down	unread	resolved	nixos	blind:gateway
split	egress_blocked	down	unread	unread	darwin	blind:gateway,targets
split	egress_blocked	down	unread	unread	nixos	blind:gateway,targets
split	egress_blocked	direct	present	resolved	darwin	noop:split_tunnel_leaves_default
split	egress_blocked	direct	present	resolved	nixos	noop:split_tunnel_leaves_default
split	egress_blocked	direct	present	unread	darwin	blind:targets
split	egress_blocked	direct	present	unread	nixos	blind:targets
split	egress_blocked	direct	absent	resolved	darwin	noop:split_tunnel_leaves_default
split	egress_blocked	direct	absent	resolved	nixos	noop:split_tunnel_leaves_default
split	egress_blocked	direct	absent	unread	darwin	blind:targets
split	egress_blocked	direct	absent	unread	nixos	blind:targets
split	egress_blocked	direct	unread	resolved	darwin	blind:gateway
split	egress_blocked	direct	unread	resolved	nixos	blind:gateway
split	egress_blocked	direct	unread	unread	darwin	blind:gateway,targets
split	egress_blocked	direct	unread	unread	nixos	blind:gateway,targets
split	egress_blocked	relay	present	resolved	darwin	noop:split_tunnel_leaves_default
split	egress_blocked	relay	present	resolved	nixos	noop:split_tunnel_leaves_default
split	egress_blocked	relay	present	unread	darwin	blind:targets
split	egress_blocked	relay	present	unread	nixos	blind:targets
split	egress_blocked	relay	absent	resolved	darwin	noop:split_tunnel_leaves_default
split	egress_blocked	relay	absent	resolved	nixos	noop:split_tunnel_leaves_default
split	egress_blocked	relay	absent	unread	darwin	blind:targets
split	egress_blocked	relay	absent	unread	nixos	blind:targets
split	egress_blocked	relay	unread	resolved	darwin	blind:gateway
split	egress_blocked	relay	unread	resolved	nixos	blind:gateway
split	egress_blocked	relay	unread	unread	darwin	blind:gateway,targets
split	egress_blocked	relay	unread	unread	nixos	blind:gateway,targets
split	egress_blocked	none	present	resolved	darwin	noop:split_tunnel_leaves_default
split	egress_blocked	none	present	resolved	nixos	noop:split_tunnel_leaves_default
split	egress_blocked	none	present	unread	darwin	blind:targets
split	egress_blocked	none	present	unread	nixos	blind:targets
split	egress_blocked	none	absent	resolved	darwin	noop:split_tunnel_leaves_default
split	egress_blocked	none	absent	resolved	nixos	noop:split_tunnel_leaves_default
split	egress_blocked	none	absent	unread	darwin	blind:targets
split	egress_blocked	none	absent	unread	nixos	blind:targets
split	egress_blocked	none	unread	resolved	darwin	blind:gateway
split	egress_blocked	none	unread	resolved	nixos	blind:gateway
split	egress_blocked	none	unread	unread	darwin	blind:gateway,targets
split	egress_blocked	none	unread	unread	nixos	blind:gateway,targets
split	egress_blocked	unread	present	resolved	darwin	blind:overlay
split	egress_blocked	unread	present	resolved	nixos	blind:overlay
split	egress_blocked	unread	present	unread	darwin	blind:overlay,targets
split	egress_blocked	unread	present	unread	nixos	blind:overlay,targets
split	egress_blocked	unread	absent	resolved	darwin	blind:overlay
split	egress_blocked	unread	absent	resolved	nixos	blind:overlay
split	egress_blocked	unread	absent	unread	darwin	blind:overlay,targets
split	egress_blocked	unread	absent	unread	nixos	blind:overlay,targets
split	egress_blocked	unread	unread	resolved	darwin	blind:overlay,gateway
split	egress_blocked	unread	unread	resolved	nixos	blind:overlay,gateway
split	egress_blocked	unread	unread	unread	darwin	blind:overlay,gateway,targets
split	egress_blocked	unread	unread	unread	nixos	blind:overlay,gateway,targets
split	unknown	down	present	resolved	darwin	noop:split_tunnel_leaves_default
split	unknown	down	present	resolved	nixos	noop:split_tunnel_leaves_default
split	unknown	down	present	unread	darwin	blind:targets
split	unknown	down	present	unread	nixos	blind:targets
split	unknown	down	absent	resolved	darwin	noop:split_tunnel_leaves_default
split	unknown	down	absent	resolved	nixos	noop:split_tunnel_leaves_default
split	unknown	down	absent	unread	darwin	blind:targets
split	unknown	down	absent	unread	nixos	blind:targets
split	unknown	down	unread	resolved	darwin	blind:gateway
split	unknown	down	unread	resolved	nixos	blind:gateway
split	unknown	down	unread	unread	darwin	blind:gateway,targets
split	unknown	down	unread	unread	nixos	blind:gateway,targets
split	unknown	direct	present	resolved	darwin	noop:split_tunnel_leaves_default
split	unknown	direct	present	resolved	nixos	noop:split_tunnel_leaves_default
split	unknown	direct	present	unread	darwin	blind:targets
split	unknown	direct	present	unread	nixos	blind:targets
split	unknown	direct	absent	resolved	darwin	noop:split_tunnel_leaves_default
split	unknown	direct	absent	resolved	nixos	noop:split_tunnel_leaves_default
split	unknown	direct	absent	unread	darwin	blind:targets
split	unknown	direct	absent	unread	nixos	blind:targets
split	unknown	direct	unread	resolved	darwin	blind:gateway
split	unknown	direct	unread	resolved	nixos	blind:gateway
split	unknown	direct	unread	unread	darwin	blind:gateway,targets
split	unknown	direct	unread	unread	nixos	blind:gateway,targets
split	unknown	relay	present	resolved	darwin	noop:split_tunnel_leaves_default
split	unknown	relay	present	resolved	nixos	noop:split_tunnel_leaves_default
split	unknown	relay	present	unread	darwin	blind:targets
split	unknown	relay	present	unread	nixos	blind:targets
split	unknown	relay	absent	resolved	darwin	noop:split_tunnel_leaves_default
split	unknown	relay	absent	resolved	nixos	noop:split_tunnel_leaves_default
split	unknown	relay	absent	unread	darwin	blind:targets
split	unknown	relay	absent	unread	nixos	blind:targets
split	unknown	relay	unread	resolved	darwin	blind:gateway
split	unknown	relay	unread	resolved	nixos	blind:gateway
split	unknown	relay	unread	unread	darwin	blind:gateway,targets
split	unknown	relay	unread	unread	nixos	blind:gateway,targets
split	unknown	none	present	resolved	darwin	noop:split_tunnel_leaves_default
split	unknown	none	present	resolved	nixos	noop:split_tunnel_leaves_default
split	unknown	none	present	unread	darwin	blind:targets
split	unknown	none	present	unread	nixos	blind:targets
split	unknown	none	absent	resolved	darwin	noop:split_tunnel_leaves_default
split	unknown	none	absent	resolved	nixos	noop:split_tunnel_leaves_default
split	unknown	none	absent	unread	darwin	blind:targets
split	unknown	none	absent	unread	nixos	blind:targets
split	unknown	none	unread	resolved	darwin	blind:gateway
split	unknown	none	unread	resolved	nixos	blind:gateway
split	unknown	none	unread	unread	darwin	blind:gateway,targets
split	unknown	none	unread	unread	nixos	blind:gateway,targets
split	unknown	unread	present	resolved	darwin	blind:overlay
split	unknown	unread	present	resolved	nixos	blind:overlay
split	unknown	unread	present	unread	darwin	blind:overlay,targets
split	unknown	unread	present	unread	nixos	blind:overlay,targets
split	unknown	unread	absent	resolved	darwin	blind:overlay
split	unknown	unread	absent	resolved	nixos	blind:overlay
split	unknown	unread	absent	unread	darwin	blind:overlay,targets
split	unknown	unread	absent	unread	nixos	blind:overlay,targets
split	unknown	unread	unread	resolved	darwin	blind:overlay,gateway
split	unknown	unread	unread	resolved	nixos	blind:overlay,gateway
split	unknown	unread	unread	unread	darwin	blind:overlay,gateway,targets
split	unknown	unread	unread	unread	nixos	blind:overlay,gateway,targets
split	unread	down	present	resolved	darwin	blind:enforcement
split	unread	down	present	resolved	nixos	blind:enforcement
split	unread	down	present	unread	darwin	blind:enforcement,targets
split	unread	down	present	unread	nixos	blind:enforcement,targets
split	unread	down	absent	resolved	darwin	blind:enforcement
split	unread	down	absent	resolved	nixos	blind:enforcement
split	unread	down	absent	unread	darwin	blind:enforcement,targets
split	unread	down	absent	unread	nixos	blind:enforcement,targets
split	unread	down	unread	resolved	darwin	blind:enforcement,gateway
split	unread	down	unread	resolved	nixos	blind:enforcement,gateway
split	unread	down	unread	unread	darwin	blind:enforcement,gateway,targets
split	unread	down	unread	unread	nixos	blind:enforcement,gateway,targets
split	unread	direct	present	resolved	darwin	blind:enforcement
split	unread	direct	present	resolved	nixos	blind:enforcement
split	unread	direct	present	unread	darwin	blind:enforcement,targets
split	unread	direct	present	unread	nixos	blind:enforcement,targets
split	unread	direct	absent	resolved	darwin	blind:enforcement
split	unread	direct	absent	resolved	nixos	blind:enforcement
split	unread	direct	absent	unread	darwin	blind:enforcement,targets
split	unread	direct	absent	unread	nixos	blind:enforcement,targets
split	unread	direct	unread	resolved	darwin	blind:enforcement,gateway
split	unread	direct	unread	resolved	nixos	blind:enforcement,gateway
split	unread	direct	unread	unread	darwin	blind:enforcement,gateway,targets
split	unread	direct	unread	unread	nixos	blind:enforcement,gateway,targets
split	unread	relay	present	resolved	darwin	blind:enforcement
split	unread	relay	present	resolved	nixos	blind:enforcement
split	unread	relay	present	unread	darwin	blind:enforcement,targets
split	unread	relay	present	unread	nixos	blind:enforcement,targets
split	unread	relay	absent	resolved	darwin	blind:enforcement
split	unread	relay	absent	resolved	nixos	blind:enforcement
split	unread	relay	absent	unread	darwin	blind:enforcement,targets
split	unread	relay	absent	unread	nixos	blind:enforcement,targets
split	unread	relay	unread	resolved	darwin	blind:enforcement,gateway
split	unread	relay	unread	resolved	nixos	blind:enforcement,gateway
split	unread	relay	unread	unread	darwin	blind:enforcement,gateway,targets
split	unread	relay	unread	unread	nixos	blind:enforcement,gateway,targets
split	unread	none	present	resolved	darwin	blind:enforcement
split	unread	none	present	resolved	nixos	blind:enforcement
split	unread	none	present	unread	darwin	blind:enforcement,targets
split	unread	none	present	unread	nixos	blind:enforcement,targets
split	unread	none	absent	resolved	darwin	blind:enforcement
split	unread	none	absent	resolved	nixos	blind:enforcement
split	unread	none	absent	unread	darwin	blind:enforcement,targets
split	unread	none	absent	unread	nixos	blind:enforcement,targets
split	unread	none	unread	resolved	darwin	blind:enforcement,gateway
split	unread	none	unread	resolved	nixos	blind:enforcement,gateway
split	unread	none	unread	unread	darwin	blind:enforcement,gateway,targets
split	unread	none	unread	unread	nixos	blind:enforcement,gateway,targets
split	unread	unread	present	resolved	darwin	blind:enforcement,overlay
split	unread	unread	present	resolved	nixos	blind:enforcement,overlay
split	unread	unread	present	unread	darwin	blind:enforcement,overlay,targets
split	unread	unread	present	unread	nixos	blind:enforcement,overlay,targets
split	unread	unread	absent	resolved	darwin	blind:enforcement,overlay
split	unread	unread	absent	resolved	nixos	blind:enforcement,overlay
split	unread	unread	absent	unread	darwin	blind:enforcement,overlay,targets
split	unread	unread	absent	unread	nixos	blind:enforcement,overlay,targets
split	unread	unread	unread	resolved	darwin	blind:enforcement,overlay,gateway
split	unread	unread	unread	resolved	nixos	blind:enforcement,overlay,gateway
split	unread	unread	unread	unread	darwin	blind:enforcement,overlay,gateway,targets
split	unread	unread	unread	unread	nixos	blind:enforcement,overlay,gateway,targets
full	permissive	down	present	resolved	darwin	noop:overlay_down
full	permissive	down	present	resolved	nixos	noop:overlay_down
full	permissive	down	present	unread	darwin	blind:targets
full	permissive	down	present	unread	nixos	blind:targets
full	permissive	down	absent	resolved	darwin	noop:overlay_down
full	permissive	down	absent	resolved	nixos	noop:overlay_down
full	permissive	down	absent	unread	darwin	blind:targets
full	permissive	down	absent	unread	nixos	blind:targets
full	permissive	down	unread	resolved	darwin	blind:gateway
full	permissive	down	unread	resolved	nixos	blind:gateway
full	permissive	down	unread	unread	darwin	blind:gateway,targets
full	permissive	down	unread	unread	nixos	blind:gateway,targets
full	permissive	direct	present	resolved	darwin	bypass
full	permissive	direct	present	resolved	nixos	bypass
full	permissive	direct	present	unread	darwin	blind:targets
full	permissive	direct	present	unread	nixos	blind:targets
full	permissive	direct	absent	resolved	darwin	refused:no_physical_gateway
full	permissive	direct	absent	resolved	nixos	refused:no_physical_gateway
full	permissive	direct	absent	unread	darwin	blind:targets
full	permissive	direct	absent	unread	nixos	blind:targets
full	permissive	direct	unread	resolved	darwin	blind:gateway
full	permissive	direct	unread	resolved	nixos	blind:gateway
full	permissive	direct	unread	unread	darwin	blind:gateway,targets
full	permissive	direct	unread	unread	nixos	blind:gateway,targets
full	permissive	relay	present	resolved	darwin	bypass
full	permissive	relay	present	resolved	nixos	bypass
full	permissive	relay	present	unread	darwin	blind:targets
full	permissive	relay	present	unread	nixos	blind:targets
full	permissive	relay	absent	resolved	darwin	refused:no_physical_gateway
full	permissive	relay	absent	resolved	nixos	refused:no_physical_gateway
full	permissive	relay	absent	unread	darwin	blind:targets
full	permissive	relay	absent	unread	nixos	blind:targets
full	permissive	relay	unread	resolved	darwin	blind:gateway
full	permissive	relay	unread	resolved	nixos	blind:gateway
full	permissive	relay	unread	unread	darwin	blind:gateway,targets
full	permissive	relay	unread	unread	nixos	blind:gateway,targets
full	permissive	none	present	resolved	darwin	bypass
full	permissive	none	present	resolved	nixos	bypass
full	permissive	none	present	unread	darwin	blind:targets
full	permissive	none	present	unread	nixos	blind:targets
full	permissive	none	absent	resolved	darwin	refused:no_physical_gateway
full	permissive	none	absent	resolved	nixos	refused:no_physical_gateway
full	permissive	none	absent	unread	darwin	blind:targets
full	permissive	none	absent	unread	nixos	blind:targets
full	permissive	none	unread	resolved	darwin	blind:gateway
full	permissive	none	unread	resolved	nixos	blind:gateway
full	permissive	none	unread	unread	darwin	blind:gateway,targets
full	permissive	none	unread	unread	nixos	blind:gateway,targets
full	permissive	unread	present	resolved	darwin	blind:overlay
full	permissive	unread	present	resolved	nixos	blind:overlay
full	permissive	unread	present	unread	darwin	blind:overlay,targets
full	permissive	unread	present	unread	nixos	blind:overlay,targets
full	permissive	unread	absent	resolved	darwin	blind:overlay
full	permissive	unread	absent	resolved	nixos	blind:overlay
full	permissive	unread	absent	unread	darwin	blind:overlay,targets
full	permissive	unread	absent	unread	nixos	blind:overlay,targets
full	permissive	unread	unread	resolved	darwin	blind:overlay,gateway
full	permissive	unread	unread	resolved	nixos	blind:overlay,gateway
full	permissive	unread	unread	unread	darwin	blind:overlay,gateway,targets
full	permissive	unread	unread	unread	nixos	blind:overlay,gateway,targets
full	routes_rewritten	down	present	resolved	darwin	noop:overlay_down
full	routes_rewritten	down	present	resolved	nixos	noop:overlay_down
full	routes_rewritten	down	present	unread	darwin	blind:targets
full	routes_rewritten	down	present	unread	nixos	blind:targets
full	routes_rewritten	down	absent	resolved	darwin	noop:overlay_down
full	routes_rewritten	down	absent	resolved	nixos	noop:overlay_down
full	routes_rewritten	down	absent	unread	darwin	blind:targets
full	routes_rewritten	down	absent	unread	nixos	blind:targets
full	routes_rewritten	down	unread	resolved	darwin	blind:gateway
full	routes_rewritten	down	unread	resolved	nixos	blind:gateway
full	routes_rewritten	down	unread	unread	darwin	blind:gateway,targets
full	routes_rewritten	down	unread	unread	nixos	blind:gateway,targets
full	routes_rewritten	direct	present	resolved	darwin	refused:enforcement_rewrites_routes
full	routes_rewritten	direct	present	resolved	nixos	refused:enforcement_rewrites_routes
full	routes_rewritten	direct	present	unread	darwin	blind:targets
full	routes_rewritten	direct	present	unread	nixos	blind:targets
full	routes_rewritten	direct	absent	resolved	darwin	refused:no_physical_gateway
full	routes_rewritten	direct	absent	resolved	nixos	refused:no_physical_gateway
full	routes_rewritten	direct	absent	unread	darwin	blind:targets
full	routes_rewritten	direct	absent	unread	nixos	blind:targets
full	routes_rewritten	direct	unread	resolved	darwin	blind:gateway
full	routes_rewritten	direct	unread	resolved	nixos	blind:gateway
full	routes_rewritten	direct	unread	unread	darwin	blind:gateway,targets
full	routes_rewritten	direct	unread	unread	nixos	blind:gateway,targets
full	routes_rewritten	relay	present	resolved	darwin	refused:enforcement_rewrites_routes
full	routes_rewritten	relay	present	resolved	nixos	refused:enforcement_rewrites_routes
full	routes_rewritten	relay	present	unread	darwin	blind:targets
full	routes_rewritten	relay	present	unread	nixos	blind:targets
full	routes_rewritten	relay	absent	resolved	darwin	refused:no_physical_gateway
full	routes_rewritten	relay	absent	resolved	nixos	refused:no_physical_gateway
full	routes_rewritten	relay	absent	unread	darwin	blind:targets
full	routes_rewritten	relay	absent	unread	nixos	blind:targets
full	routes_rewritten	relay	unread	resolved	darwin	blind:gateway
full	routes_rewritten	relay	unread	resolved	nixos	blind:gateway
full	routes_rewritten	relay	unread	unread	darwin	blind:gateway,targets
full	routes_rewritten	relay	unread	unread	nixos	blind:gateway,targets
full	routes_rewritten	none	present	resolved	darwin	refused:enforcement_rewrites_routes
full	routes_rewritten	none	present	resolved	nixos	refused:enforcement_rewrites_routes
full	routes_rewritten	none	present	unread	darwin	blind:targets
full	routes_rewritten	none	present	unread	nixos	blind:targets
full	routes_rewritten	none	absent	resolved	darwin	refused:no_physical_gateway
full	routes_rewritten	none	absent	resolved	nixos	refused:no_physical_gateway
full	routes_rewritten	none	absent	unread	darwin	blind:targets
full	routes_rewritten	none	absent	unread	nixos	blind:targets
full	routes_rewritten	none	unread	resolved	darwin	blind:gateway
full	routes_rewritten	none	unread	resolved	nixos	blind:gateway
full	routes_rewritten	none	unread	unread	darwin	blind:gateway,targets
full	routes_rewritten	none	unread	unread	nixos	blind:gateway,targets
full	routes_rewritten	unread	present	resolved	darwin	blind:overlay
full	routes_rewritten	unread	present	resolved	nixos	blind:overlay
full	routes_rewritten	unread	present	unread	darwin	blind:overlay,targets
full	routes_rewritten	unread	present	unread	nixos	blind:overlay,targets
full	routes_rewritten	unread	absent	resolved	darwin	blind:overlay
full	routes_rewritten	unread	absent	resolved	nixos	blind:overlay
full	routes_rewritten	unread	absent	unread	darwin	blind:overlay,targets
full	routes_rewritten	unread	absent	unread	nixos	blind:overlay,targets
full	routes_rewritten	unread	unread	resolved	darwin	blind:overlay,gateway
full	routes_rewritten	unread	unread	resolved	nixos	blind:overlay,gateway
full	routes_rewritten	unread	unread	unread	darwin	blind:overlay,gateway,targets
full	routes_rewritten	unread	unread	unread	nixos	blind:overlay,gateway,targets
full	egress_blocked	down	present	resolved	darwin	noop:overlay_down
full	egress_blocked	down	present	resolved	nixos	noop:overlay_down
full	egress_blocked	down	present	unread	darwin	blind:targets
full	egress_blocked	down	present	unread	nixos	blind:targets
full	egress_blocked	down	absent	resolved	darwin	noop:overlay_down
full	egress_blocked	down	absent	resolved	nixos	noop:overlay_down
full	egress_blocked	down	absent	unread	darwin	blind:targets
full	egress_blocked	down	absent	unread	nixos	blind:targets
full	egress_blocked	down	unread	resolved	darwin	blind:gateway
full	egress_blocked	down	unread	resolved	nixos	blind:gateway
full	egress_blocked	down	unread	unread	darwin	blind:gateway,targets
full	egress_blocked	down	unread	unread	nixos	blind:gateway,targets
full	egress_blocked	direct	present	resolved	darwin	refused:enforcement_blocks_egress
full	egress_blocked	direct	present	resolved	nixos	refused:enforcement_blocks_egress
full	egress_blocked	direct	present	unread	darwin	blind:targets
full	egress_blocked	direct	present	unread	nixos	blind:targets
full	egress_blocked	direct	absent	resolved	darwin	refused:no_physical_gateway
full	egress_blocked	direct	absent	resolved	nixos	refused:no_physical_gateway
full	egress_blocked	direct	absent	unread	darwin	blind:targets
full	egress_blocked	direct	absent	unread	nixos	blind:targets
full	egress_blocked	direct	unread	resolved	darwin	blind:gateway
full	egress_blocked	direct	unread	resolved	nixos	blind:gateway
full	egress_blocked	direct	unread	unread	darwin	blind:gateway,targets
full	egress_blocked	direct	unread	unread	nixos	blind:gateway,targets
full	egress_blocked	relay	present	resolved	darwin	refused:enforcement_blocks_egress
full	egress_blocked	relay	present	resolved	nixos	refused:enforcement_blocks_egress
full	egress_blocked	relay	present	unread	darwin	blind:targets
full	egress_blocked	relay	present	unread	nixos	blind:targets
full	egress_blocked	relay	absent	resolved	darwin	refused:no_physical_gateway
full	egress_blocked	relay	absent	resolved	nixos	refused:no_physical_gateway
full	egress_blocked	relay	absent	unread	darwin	blind:targets
full	egress_blocked	relay	absent	unread	nixos	blind:targets
full	egress_blocked	relay	unread	resolved	darwin	blind:gateway
full	egress_blocked	relay	unread	resolved	nixos	blind:gateway
full	egress_blocked	relay	unread	unread	darwin	blind:gateway,targets
full	egress_blocked	relay	unread	unread	nixos	blind:gateway,targets
full	egress_blocked	none	present	resolved	darwin	refused:enforcement_blocks_egress
full	egress_blocked	none	present	resolved	nixos	refused:enforcement_blocks_egress
full	egress_blocked	none	present	unread	darwin	blind:targets
full	egress_blocked	none	present	unread	nixos	blind:targets
full	egress_blocked	none	absent	resolved	darwin	refused:no_physical_gateway
full	egress_blocked	none	absent	resolved	nixos	refused:no_physical_gateway
full	egress_blocked	none	absent	unread	darwin	blind:targets
full	egress_blocked	none	absent	unread	nixos	blind:targets
full	egress_blocked	none	unread	resolved	darwin	blind:gateway
full	egress_blocked	none	unread	resolved	nixos	blind:gateway
full	egress_blocked	none	unread	unread	darwin	blind:gateway,targets
full	egress_blocked	none	unread	unread	nixos	blind:gateway,targets
full	egress_blocked	unread	present	resolved	darwin	blind:overlay
full	egress_blocked	unread	present	resolved	nixos	blind:overlay
full	egress_blocked	unread	present	unread	darwin	blind:overlay,targets
full	egress_blocked	unread	present	unread	nixos	blind:overlay,targets
full	egress_blocked	unread	absent	resolved	darwin	blind:overlay
full	egress_blocked	unread	absent	resolved	nixos	blind:overlay
full	egress_blocked	unread	absent	unread	darwin	blind:overlay,targets
full	egress_blocked	unread	absent	unread	nixos	blind:overlay,targets
full	egress_blocked	unread	unread	resolved	darwin	blind:overlay,gateway
full	egress_blocked	unread	unread	resolved	nixos	blind:overlay,gateway
full	egress_blocked	unread	unread	unread	darwin	blind:overlay,gateway,targets
full	egress_blocked	unread	unread	unread	nixos	blind:overlay,gateway,targets
full	unknown	down	present	resolved	darwin	noop:overlay_down
full	unknown	down	present	resolved	nixos	noop:overlay_down
full	unknown	down	present	unread	darwin	blind:targets
full	unknown	down	present	unread	nixos	blind:targets
full	unknown	down	absent	resolved	darwin	noop:overlay_down
full	unknown	down	absent	resolved	nixos	noop:overlay_down
full	unknown	down	absent	unread	darwin	blind:targets
full	unknown	down	absent	unread	nixos	blind:targets
full	unknown	down	unread	resolved	darwin	blind:gateway
full	unknown	down	unread	resolved	nixos	blind:gateway
full	unknown	down	unread	unread	darwin	blind:gateway,targets
full	unknown	down	unread	unread	nixos	blind:gateway,targets
full	unknown	direct	present	resolved	darwin	bypass
full	unknown	direct	present	resolved	nixos	bypass
full	unknown	direct	present	unread	darwin	blind:targets
full	unknown	direct	present	unread	nixos	blind:targets
full	unknown	direct	absent	resolved	darwin	refused:no_physical_gateway
full	unknown	direct	absent	resolved	nixos	refused:no_physical_gateway
full	unknown	direct	absent	unread	darwin	blind:targets
full	unknown	direct	absent	unread	nixos	blind:targets
full	unknown	direct	unread	resolved	darwin	blind:gateway
full	unknown	direct	unread	resolved	nixos	blind:gateway
full	unknown	direct	unread	unread	darwin	blind:gateway,targets
full	unknown	direct	unread	unread	nixos	blind:gateway,targets
full	unknown	relay	present	resolved	darwin	bypass
full	unknown	relay	present	resolved	nixos	bypass
full	unknown	relay	present	unread	darwin	blind:targets
full	unknown	relay	present	unread	nixos	blind:targets
full	unknown	relay	absent	resolved	darwin	refused:no_physical_gateway
full	unknown	relay	absent	resolved	nixos	refused:no_physical_gateway
full	unknown	relay	absent	unread	darwin	blind:targets
full	unknown	relay	absent	unread	nixos	blind:targets
full	unknown	relay	unread	resolved	darwin	blind:gateway
full	unknown	relay	unread	resolved	nixos	blind:gateway
full	unknown	relay	unread	unread	darwin	blind:gateway,targets
full	unknown	relay	unread	unread	nixos	blind:gateway,targets
full	unknown	none	present	resolved	darwin	bypass
full	unknown	none	present	resolved	nixos	bypass
full	unknown	none	present	unread	darwin	blind:targets
full	unknown	none	present	unread	nixos	blind:targets
full	unknown	none	absent	resolved	darwin	refused:no_physical_gateway
full	unknown	none	absent	resolved	nixos	refused:no_physical_gateway
full	unknown	none	absent	unread	darwin	blind:targets
full	unknown	none	absent	unread	nixos	blind:targets
full	unknown	none	unread	resolved	darwin	blind:gateway
full	unknown	none	unread	resolved	nixos	blind:gateway
full	unknown	none	unread	unread	darwin	blind:gateway,targets
full	unknown	none	unread	unread	nixos	blind:gateway,targets
full	unknown	unread	present	resolved	darwin	blind:overlay
full	unknown	unread	present	resolved	nixos	blind:overlay
full	unknown	unread	present	unread	darwin	blind:overlay,targets
full	unknown	unread	present	unread	nixos	blind:overlay,targets
full	unknown	unread	absent	resolved	darwin	blind:overlay
full	unknown	unread	absent	resolved	nixos	blind:overlay
full	unknown	unread	absent	unread	darwin	blind:overlay,targets
full	unknown	unread	absent	unread	nixos	blind:overlay,targets
full	unknown	unread	unread	resolved	darwin	blind:overlay,gateway
full	unknown	unread	unread	resolved	nixos	blind:overlay,gateway
full	unknown	unread	unread	unread	darwin	blind:overlay,gateway,targets
full	unknown	unread	unread	unread	nixos	blind:overlay,gateway,targets
full	unread	down	present	resolved	darwin	blind:enforcement
full	unread	down	present	resolved	nixos	blind:enforcement
full	unread	down	present	unread	darwin	blind:enforcement,targets
full	unread	down	present	unread	nixos	blind:enforcement,targets
full	unread	down	absent	resolved	darwin	blind:enforcement
full	unread	down	absent	resolved	nixos	blind:enforcement
full	unread	down	absent	unread	darwin	blind:enforcement,targets
full	unread	down	absent	unread	nixos	blind:enforcement,targets
full	unread	down	unread	resolved	darwin	blind:enforcement,gateway
full	unread	down	unread	resolved	nixos	blind:enforcement,gateway
full	unread	down	unread	unread	darwin	blind:enforcement,gateway,targets
full	unread	down	unread	unread	nixos	blind:enforcement,gateway,targets
full	unread	direct	present	resolved	darwin	blind:enforcement
full	unread	direct	present	resolved	nixos	blind:enforcement
full	unread	direct	present	unread	darwin	blind:enforcement,targets
full	unread	direct	present	unread	nixos	blind:enforcement,targets
full	unread	direct	absent	resolved	darwin	blind:enforcement
full	unread	direct	absent	resolved	nixos	blind:enforcement
full	unread	direct	absent	unread	darwin	blind:enforcement,targets
full	unread	direct	absent	unread	nixos	blind:enforcement,targets
full	unread	direct	unread	resolved	darwin	blind:enforcement,gateway
full	unread	direct	unread	resolved	nixos	blind:enforcement,gateway
full	unread	direct	unread	unread	darwin	blind:enforcement,gateway,targets
full	unread	direct	unread	unread	nixos	blind:enforcement,gateway,targets
full	unread	relay	present	resolved	darwin	blind:enforcement
full	unread	relay	present	resolved	nixos	blind:enforcement
full	unread	relay	present	unread	darwin	blind:enforcement,targets
full	unread	relay	present	unread	nixos	blind:enforcement,targets
full	unread	relay	absent	resolved	darwin	blind:enforcement
full	unread	relay	absent	resolved	nixos	blind:enforcement
full	unread	relay	absent	unread	darwin	blind:enforcement,targets
full	unread	relay	absent	unread	nixos	blind:enforcement,targets
full	unread	relay	unread	resolved	darwin	blind:enforcement,gateway
full	unread	relay	unread	resolved	nixos	blind:enforcement,gateway
full	unread	relay	unread	unread	darwin	blind:enforcement,gateway,targets
full	unread	relay	unread	unread	nixos	blind:enforcement,gateway,targets
full	unread	none	present	resolved	darwin	blind:enforcement
full	unread	none	present	resolved	nixos	blind:enforcement
full	unread	none	present	unread	darwin	blind:enforcement,targets
full	unread	none	present	unread	nixos	blind:enforcement,targets
full	unread	none	absent	resolved	darwin	blind:enforcement
full	unread	none	absent	resolved	nixos	blind:enforcement
full	unread	none	absent	unread	darwin	blind:enforcement,targets
full	unread	none	absent	unread	nixos	blind:enforcement,targets
full	unread	none	unread	resolved	darwin	blind:enforcement,gateway
full	unread	none	unread	resolved	nixos	blind:enforcement,gateway
full	unread	none	unread	unread	darwin	blind:enforcement,gateway,targets
full	unread	none	unread	unread	nixos	blind:enforcement,gateway,targets
full	unread	unread	present	resolved	darwin	blind:enforcement,overlay
full	unread	unread	present	resolved	nixos	blind:enforcement,overlay
full	unread	unread	present	unread	darwin	blind:enforcement,overlay,targets
full	unread	unread	present	unread	nixos	blind:enforcement,overlay,targets
full	unread	unread	absent	resolved	darwin	blind:enforcement,overlay
full	unread	unread	absent	resolved	nixos	blind:enforcement,overlay
full	unread	unread	absent	unread	darwin	blind:enforcement,overlay,targets
full	unread	unread	absent	unread	nixos	blind:enforcement,overlay,targets
full	unread	unread	unread	resolved	darwin	blind:enforcement,overlay,gateway
full	unread	unread	unread	resolved	nixos	blind:enforcement,overlay,gateway
full	unread	unread	unread	unread	darwin	blind:enforcement,overlay,gateway,targets
full	unread	unread	unread	unread	nixos	blind:enforcement,overlay,gateway,targets
unread	permissive	down	present	resolved	darwin	blind:corp
unread	permissive	down	present	resolved	nixos	blind:corp
unread	permissive	down	present	unread	darwin	blind:corp,targets
unread	permissive	down	present	unread	nixos	blind:corp,targets
unread	permissive	down	absent	resolved	darwin	blind:corp
unread	permissive	down	absent	resolved	nixos	blind:corp
unread	permissive	down	absent	unread	darwin	blind:corp,targets
unread	permissive	down	absent	unread	nixos	blind:corp,targets
unread	permissive	down	unread	resolved	darwin	blind:corp,gateway
unread	permissive	down	unread	resolved	nixos	blind:corp,gateway
unread	permissive	down	unread	unread	darwin	blind:corp,gateway,targets
unread	permissive	down	unread	unread	nixos	blind:corp,gateway,targets
unread	permissive	direct	present	resolved	darwin	blind:corp
unread	permissive	direct	present	resolved	nixos	blind:corp
unread	permissive	direct	present	unread	darwin	blind:corp,targets
unread	permissive	direct	present	unread	nixos	blind:corp,targets
unread	permissive	direct	absent	resolved	darwin	blind:corp
unread	permissive	direct	absent	resolved	nixos	blind:corp
unread	permissive	direct	absent	unread	darwin	blind:corp,targets
unread	permissive	direct	absent	unread	nixos	blind:corp,targets
unread	permissive	direct	unread	resolved	darwin	blind:corp,gateway
unread	permissive	direct	unread	resolved	nixos	blind:corp,gateway
unread	permissive	direct	unread	unread	darwin	blind:corp,gateway,targets
unread	permissive	direct	unread	unread	nixos	blind:corp,gateway,targets
unread	permissive	relay	present	resolved	darwin	blind:corp
unread	permissive	relay	present	resolved	nixos	blind:corp
unread	permissive	relay	present	unread	darwin	blind:corp,targets
unread	permissive	relay	present	unread	nixos	blind:corp,targets
unread	permissive	relay	absent	resolved	darwin	blind:corp
unread	permissive	relay	absent	resolved	nixos	blind:corp
unread	permissive	relay	absent	unread	darwin	blind:corp,targets
unread	permissive	relay	absent	unread	nixos	blind:corp,targets
unread	permissive	relay	unread	resolved	darwin	blind:corp,gateway
unread	permissive	relay	unread	resolved	nixos	blind:corp,gateway
unread	permissive	relay	unread	unread	darwin	blind:corp,gateway,targets
unread	permissive	relay	unread	unread	nixos	blind:corp,gateway,targets
unread	permissive	none	present	resolved	darwin	blind:corp
unread	permissive	none	present	resolved	nixos	blind:corp
unread	permissive	none	present	unread	darwin	blind:corp,targets
unread	permissive	none	present	unread	nixos	blind:corp,targets
unread	permissive	none	absent	resolved	darwin	blind:corp
unread	permissive	none	absent	resolved	nixos	blind:corp
unread	permissive	none	absent	unread	darwin	blind:corp,targets
unread	permissive	none	absent	unread	nixos	blind:corp,targets
unread	permissive	none	unread	resolved	darwin	blind:corp,gateway
unread	permissive	none	unread	resolved	nixos	blind:corp,gateway
unread	permissive	none	unread	unread	darwin	blind:corp,gateway,targets
unread	permissive	none	unread	unread	nixos	blind:corp,gateway,targets
unread	permissive	unread	present	resolved	darwin	blind:corp,overlay
unread	permissive	unread	present	resolved	nixos	blind:corp,overlay
unread	permissive	unread	present	unread	darwin	blind:corp,overlay,targets
unread	permissive	unread	present	unread	nixos	blind:corp,overlay,targets
unread	permissive	unread	absent	resolved	darwin	blind:corp,overlay
unread	permissive	unread	absent	resolved	nixos	blind:corp,overlay
unread	permissive	unread	absent	unread	darwin	blind:corp,overlay,targets
unread	permissive	unread	absent	unread	nixos	blind:corp,overlay,targets
unread	permissive	unread	unread	resolved	darwin	blind:corp,overlay,gateway
unread	permissive	unread	unread	resolved	nixos	blind:corp,overlay,gateway
unread	permissive	unread	unread	unread	darwin	blind:corp,overlay,gateway,targets
unread	permissive	unread	unread	unread	nixos	blind:corp,overlay,gateway,targets
unread	routes_rewritten	down	present	resolved	darwin	blind:corp
unread	routes_rewritten	down	present	resolved	nixos	blind:corp
unread	routes_rewritten	down	present	unread	darwin	blind:corp,targets
unread	routes_rewritten	down	present	unread	nixos	blind:corp,targets
unread	routes_rewritten	down	absent	resolved	darwin	blind:corp
unread	routes_rewritten	down	absent	resolved	nixos	blind:corp
unread	routes_rewritten	down	absent	unread	darwin	blind:corp,targets
unread	routes_rewritten	down	absent	unread	nixos	blind:corp,targets
unread	routes_rewritten	down	unread	resolved	darwin	blind:corp,gateway
unread	routes_rewritten	down	unread	resolved	nixos	blind:corp,gateway
unread	routes_rewritten	down	unread	unread	darwin	blind:corp,gateway,targets
unread	routes_rewritten	down	unread	unread	nixos	blind:corp,gateway,targets
unread	routes_rewritten	direct	present	resolved	darwin	blind:corp
unread	routes_rewritten	direct	present	resolved	nixos	blind:corp
unread	routes_rewritten	direct	present	unread	darwin	blind:corp,targets
unread	routes_rewritten	direct	present	unread	nixos	blind:corp,targets
unread	routes_rewritten	direct	absent	resolved	darwin	blind:corp
unread	routes_rewritten	direct	absent	resolved	nixos	blind:corp
unread	routes_rewritten	direct	absent	unread	darwin	blind:corp,targets
unread	routes_rewritten	direct	absent	unread	nixos	blind:corp,targets
unread	routes_rewritten	direct	unread	resolved	darwin	blind:corp,gateway
unread	routes_rewritten	direct	unread	resolved	nixos	blind:corp,gateway
unread	routes_rewritten	direct	unread	unread	darwin	blind:corp,gateway,targets
unread	routes_rewritten	direct	unread	unread	nixos	blind:corp,gateway,targets
unread	routes_rewritten	relay	present	resolved	darwin	blind:corp
unread	routes_rewritten	relay	present	resolved	nixos	blind:corp
unread	routes_rewritten	relay	present	unread	darwin	blind:corp,targets
unread	routes_rewritten	relay	present	unread	nixos	blind:corp,targets
unread	routes_rewritten	relay	absent	resolved	darwin	blind:corp
unread	routes_rewritten	relay	absent	resolved	nixos	blind:corp
unread	routes_rewritten	relay	absent	unread	darwin	blind:corp,targets
unread	routes_rewritten	relay	absent	unread	nixos	blind:corp,targets
unread	routes_rewritten	relay	unread	resolved	darwin	blind:corp,gateway
unread	routes_rewritten	relay	unread	resolved	nixos	blind:corp,gateway
unread	routes_rewritten	relay	unread	unread	darwin	blind:corp,gateway,targets
unread	routes_rewritten	relay	unread	unread	nixos	blind:corp,gateway,targets
unread	routes_rewritten	none	present	resolved	darwin	blind:corp
unread	routes_rewritten	none	present	resolved	nixos	blind:corp
unread	routes_rewritten	none	present	unread	darwin	blind:corp,targets
unread	routes_rewritten	none	present	unread	nixos	blind:corp,targets
unread	routes_rewritten	none	absent	resolved	darwin	blind:corp
unread	routes_rewritten	none	absent	resolved	nixos	blind:corp
unread	routes_rewritten	none	absent	unread	darwin	blind:corp,targets
unread	routes_rewritten	none	absent	unread	nixos	blind:corp,targets
unread	routes_rewritten	none	unread	resolved	darwin	blind:corp,gateway
unread	routes_rewritten	none	unread	resolved	nixos	blind:corp,gateway
unread	routes_rewritten	none	unread	unread	darwin	blind:corp,gateway,targets
unread	routes_rewritten	none	unread	unread	nixos	blind:corp,gateway,targets
unread	routes_rewritten	unread	present	resolved	darwin	blind:corp,overlay
unread	routes_rewritten	unread	present	resolved	nixos	blind:corp,overlay
unread	routes_rewritten	unread	present	unread	darwin	blind:corp,overlay,targets
unread	routes_rewritten	unread	present	unread	nixos	blind:corp,overlay,targets
unread	routes_rewritten	unread	absent	resolved	darwin	blind:corp,overlay
unread	routes_rewritten	unread	absent	resolved	nixos	blind:corp,overlay
unread	routes_rewritten	unread	absent	unread	darwin	blind:corp,overlay,targets
unread	routes_rewritten	unread	absent	unread	nixos	blind:corp,overlay,targets
unread	routes_rewritten	unread	unread	resolved	darwin	blind:corp,overlay,gateway
unread	routes_rewritten	unread	unread	resolved	nixos	blind:corp,overlay,gateway
unread	routes_rewritten	unread	unread	unread	darwin	blind:corp,overlay,gateway,targets
unread	routes_rewritten	unread	unread	unread	nixos	blind:corp,overlay,gateway,targets
unread	egress_blocked	down	present	resolved	darwin	blind:corp
unread	egress_blocked	down	present	resolved	nixos	blind:corp
unread	egress_blocked	down	present	unread	darwin	blind:corp,targets
unread	egress_blocked	down	present	unread	nixos	blind:corp,targets
unread	egress_blocked	down	absent	resolved	darwin	blind:corp
unread	egress_blocked	down	absent	resolved	nixos	blind:corp
unread	egress_blocked	down	absent	unread	darwin	blind:corp,targets
unread	egress_blocked	down	absent	unread	nixos	blind:corp,targets
unread	egress_blocked	down	unread	resolved	darwin	blind:corp,gateway
unread	egress_blocked	down	unread	resolved	nixos	blind:corp,gateway
unread	egress_blocked	down	unread	unread	darwin	blind:corp,gateway,targets
unread	egress_blocked	down	unread	unread	nixos	blind:corp,gateway,targets
unread	egress_blocked	direct	present	resolved	darwin	blind:corp
unread	egress_blocked	direct	present	resolved	nixos	blind:corp
unread	egress_blocked	direct	present	unread	darwin	blind:corp,targets
unread	egress_blocked	direct	present	unread	nixos	blind:corp,targets
unread	egress_blocked	direct	absent	resolved	darwin	blind:corp
unread	egress_blocked	direct	absent	resolved	nixos	blind:corp
unread	egress_blocked	direct	absent	unread	darwin	blind:corp,targets
unread	egress_blocked	direct	absent	unread	nixos	blind:corp,targets
unread	egress_blocked	direct	unread	resolved	darwin	blind:corp,gateway
unread	egress_blocked	direct	unread	resolved	nixos	blind:corp,gateway
unread	egress_blocked	direct	unread	unread	darwin	blind:corp,gateway,targets
unread	egress_blocked	direct	unread	unread	nixos	blind:corp,gateway,targets
unread	egress_blocked	relay	present	resolved	darwin	blind:corp
unread	egress_blocked	relay	present	resolved	nixos	blind:corp
unread	egress_blocked	relay	present	unread	darwin	blind:corp,targets
unread	egress_blocked	relay	present	unread	nixos	blind:corp,targets
unread	egress_blocked	relay	absent	resolved	darwin	blind:corp
unread	egress_blocked	relay	absent	resolved	nixos	blind:corp
unread	egress_blocked	relay	absent	unread	darwin	blind:corp,targets
unread	egress_blocked	relay	absent	unread	nixos	blind:corp,targets
unread	egress_blocked	relay	unread	resolved	darwin	blind:corp,gateway
unread	egress_blocked	relay	unread	resolved	nixos	blind:corp,gateway
unread	egress_blocked	relay	unread	unread	darwin	blind:corp,gateway,targets
unread	egress_blocked	relay	unread	unread	nixos	blind:corp,gateway,targets
unread	egress_blocked	none	present	resolved	darwin	blind:corp
unread	egress_blocked	none	present	resolved	nixos	blind:corp
unread	egress_blocked	none	present	unread	darwin	blind:corp,targets
unread	egress_blocked	none	present	unread	nixos	blind:corp,targets
unread	egress_blocked	none	absent	resolved	darwin	blind:corp
unread	egress_blocked	none	absent	resolved	nixos	blind:corp
unread	egress_blocked	none	absent	unread	darwin	blind:corp,targets
unread	egress_blocked	none	absent	unread	nixos	blind:corp,targets
unread	egress_blocked	none	unread	resolved	darwin	blind:corp,gateway
unread	egress_blocked	none	unread	resolved	nixos	blind:corp,gateway
unread	egress_blocked	none	unread	unread	darwin	blind:corp,gateway,targets
unread	egress_blocked	none	unread	unread	nixos	blind:corp,gateway,targets
unread	egress_blocked	unread	present	resolved	darwin	blind:corp,overlay
unread	egress_blocked	unread	present	resolved	nixos	blind:corp,overlay
unread	egress_blocked	unread	present	unread	darwin	blind:corp,overlay,targets
unread	egress_blocked	unread	present	unread	nixos	blind:corp,overlay,targets
unread	egress_blocked	unread	absent	resolved	darwin	blind:corp,overlay
unread	egress_blocked	unread	absent	resolved	nixos	blind:corp,overlay
unread	egress_blocked	unread	absent	unread	darwin	blind:corp,overlay,targets
unread	egress_blocked	unread	absent	unread	nixos	blind:corp,overlay,targets
unread	egress_blocked	unread	unread	resolved	darwin	blind:corp,overlay,gateway
unread	egress_blocked	unread	unread	resolved	nixos	blind:corp,overlay,gateway
unread	egress_blocked	unread	unread	unread	darwin	blind:corp,overlay,gateway,targets
unread	egress_blocked	unread	unread	unread	nixos	blind:corp,overlay,gateway,targets
unread	unknown	down	present	resolved	darwin	blind:corp
unread	unknown	down	present	resolved	nixos	blind:corp
unread	unknown	down	present	unread	darwin	blind:corp,targets
unread	unknown	down	present	unread	nixos	blind:corp,targets
unread	unknown	down	absent	resolved	darwin	blind:corp
unread	unknown	down	absent	resolved	nixos	blind:corp
unread	unknown	down	absent	unread	darwin	blind:corp,targets
unread	unknown	down	absent	unread	nixos	blind:corp,targets
unread	unknown	down	unread	resolved	darwin	blind:corp,gateway
unread	unknown	down	unread	resolved	nixos	blind:corp,gateway
unread	unknown	down	unread	unread	darwin	blind:corp,gateway,targets
unread	unknown	down	unread	unread	nixos	blind:corp,gateway,targets
unread	unknown	direct	present	resolved	darwin	blind:corp
unread	unknown	direct	present	resolved	nixos	blind:corp
unread	unknown	direct	present	unread	darwin	blind:corp,targets
unread	unknown	direct	present	unread	nixos	blind:corp,targets
unread	unknown	direct	absent	resolved	darwin	blind:corp
unread	unknown	direct	absent	resolved	nixos	blind:corp
unread	unknown	direct	absent	unread	darwin	blind:corp,targets
unread	unknown	direct	absent	unread	nixos	blind:corp,targets
unread	unknown	direct	unread	resolved	darwin	blind:corp,gateway
unread	unknown	direct	unread	resolved	nixos	blind:corp,gateway
unread	unknown	direct	unread	unread	darwin	blind:corp,gateway,targets
unread	unknown	direct	unread	unread	nixos	blind:corp,gateway,targets
unread	unknown	relay	present	resolved	darwin	blind:corp
unread	unknown	relay	present	resolved	nixos	blind:corp
unread	unknown	relay	present	unread	darwin	blind:corp,targets
unread	unknown	relay	present	unread	nixos	blind:corp,targets
unread	unknown	relay	absent	resolved	darwin	blind:corp
unread	unknown	relay	absent	resolved	nixos	blind:corp
unread	unknown	relay	absent	unread	darwin	blind:corp,targets
unread	unknown	relay	absent	unread	nixos	blind:corp,targets
unread	unknown	relay	unread	resolved	darwin	blind:corp,gateway
unread	unknown	relay	unread	resolved	nixos	blind:corp,gateway
unread	unknown	relay	unread	unread	darwin	blind:corp,gateway,targets
unread	unknown	relay	unread	unread	nixos	blind:corp,gateway,targets
unread	unknown	none	present	resolved	darwin	blind:corp
unread	unknown	none	present	resolved	nixos	blind:corp
unread	unknown	none	present	unread	darwin	blind:corp,targets
unread	unknown	none	present	unread	nixos	blind:corp,targets
unread	unknown	none	absent	resolved	darwin	blind:corp
unread	unknown	none	absent	resolved	nixos	blind:corp
unread	unknown	none	absent	unread	darwin	blind:corp,targets
unread	unknown	none	absent	unread	nixos	blind:corp,targets
unread	unknown	none	unread	resolved	darwin	blind:corp,gateway
unread	unknown	none	unread	resolved	nixos	blind:corp,gateway
unread	unknown	none	unread	unread	darwin	blind:corp,gateway,targets
unread	unknown	none	unread	unread	nixos	blind:corp,gateway,targets
unread	unknown	unread	present	resolved	darwin	blind:corp,overlay
unread	unknown	unread	present	resolved	nixos	blind:corp,overlay
unread	unknown	unread	present	unread	darwin	blind:corp,overlay,targets
unread	unknown	unread	present	unread	nixos	blind:corp,overlay,targets
unread	unknown	unread	absent	resolved	darwin	blind:corp,overlay
unread	unknown	unread	absent	resolved	nixos	blind:corp,overlay
unread	unknown	unread	absent	unread	darwin	blind:corp,overlay,targets
unread	unknown	unread	absent	unread	nixos	blind:corp,overlay,targets
unread	unknown	unread	unread	resolved	darwin	blind:corp,overlay,gateway
unread	unknown	unread	unread	resolved	nixos	blind:corp,overlay,gateway
unread	unknown	unread	unread	unread	darwin	blind:corp,overlay,gateway,targets
unread	unknown	unread	unread	unread	nixos	blind:corp,overlay,gateway,targets
unread	unread	down	present	resolved	darwin	blind:corp,enforcement
unread	unread	down	present	resolved	nixos	blind:corp,enforcement
unread	unread	down	present	unread	darwin	blind:corp,enforcement,targets
unread	unread	down	present	unread	nixos	blind:corp,enforcement,targets
unread	unread	down	absent	resolved	darwin	blind:corp,enforcement
unread	unread	down	absent	resolved	nixos	blind:corp,enforcement
unread	unread	down	absent	unread	darwin	blind:corp,enforcement,targets
unread	unread	down	absent	unread	nixos	blind:corp,enforcement,targets
unread	unread	down	unread	resolved	darwin	blind:corp,enforcement,gateway
unread	unread	down	unread	resolved	nixos	blind:corp,enforcement,gateway
unread	unread	down	unread	unread	darwin	blind:corp,enforcement,gateway,targets
unread	unread	down	unread	unread	nixos	blind:corp,enforcement,gateway,targets
unread	unread	direct	present	resolved	darwin	blind:corp,enforcement
unread	unread	direct	present	resolved	nixos	blind:corp,enforcement
unread	unread	direct	present	unread	darwin	blind:corp,enforcement,targets
unread	unread	direct	present	unread	nixos	blind:corp,enforcement,targets
unread	unread	direct	absent	resolved	darwin	blind:corp,enforcement
unread	unread	direct	absent	resolved	nixos	blind:corp,enforcement
unread	unread	direct	absent	unread	darwin	blind:corp,enforcement,targets
unread	unread	direct	absent	unread	nixos	blind:corp,enforcement,targets
unread	unread	direct	unread	resolved	darwin	blind:corp,enforcement,gateway
unread	unread	direct	unread	resolved	nixos	blind:corp,enforcement,gateway
unread	unread	direct	unread	unread	darwin	blind:corp,enforcement,gateway,targets
unread	unread	direct	unread	unread	nixos	blind:corp,enforcement,gateway,targets
unread	unread	relay	present	resolved	darwin	blind:corp,enforcement
unread	unread	relay	present	resolved	nixos	blind:corp,enforcement
unread	unread	relay	present	unread	darwin	blind:corp,enforcement,targets
unread	unread	relay	present	unread	nixos	blind:corp,enforcement,targets
unread	unread	relay	absent	resolved	darwin	blind:corp,enforcement
unread	unread	relay	absent	resolved	nixos	blind:corp,enforcement
unread	unread	relay	absent	unread	darwin	blind:corp,enforcement,targets
unread	unread	relay	absent	unread	nixos	blind:corp,enforcement,targets
unread	unread	relay	unread	resolved	darwin	blind:corp,enforcement,gateway
unread	unread	relay	unread	resolved	nixos	blind:corp,enforcement,gateway
unread	unread	relay	unread	unread	darwin	blind:corp,enforcement,gateway,targets
unread	unread	relay	unread	unread	nixos	blind:corp,enforcement,gateway,targets
unread	unread	none	present	resolved	darwin	blind:corp,enforcement
unread	unread	none	present	resolved	nixos	blind:corp,enforcement
unread	unread	none	present	unread	darwin	blind:corp,enforcement,targets
unread	unread	none	present	unread	nixos	blind:corp,enforcement,targets
unread	unread	none	absent	resolved	darwin	blind:corp,enforcement
unread	unread	none	absent	resolved	nixos	blind:corp,enforcement
unread	unread	none	absent	unread	darwin	blind:corp,enforcement,targets
unread	unread	none	absent	unread	nixos	blind:corp,enforcement,targets
unread	unread	none	unread	resolved	darwin	blind:corp,enforcement,gateway
unread	unread	none	unread	resolved	nixos	blind:corp,enforcement,gateway
unread	unread	none	unread	unread	darwin	blind:corp,enforcement,gateway,targets
unread	unread	none	unread	unread	nixos	blind:corp,enforcement,gateway,targets
unread	unread	unread	present	resolved	darwin	blind:corp,enforcement,overlay
unread	unread	unread	present	resolved	nixos	blind:corp,enforcement,overlay
unread	unread	unread	present	unread	darwin	blind:corp,enforcement,overlay,targets
unread	unread	unread	present	unread	nixos	blind:corp,enforcement,overlay,targets
unread	unread	unread	absent	resolved	darwin	blind:corp,enforcement,overlay
unread	unread	unread	absent	resolved	nixos	blind:corp,enforcement,overlay
unread	unread	unread	absent	unread	darwin	blind:corp,enforcement,overlay,targets
unread	unread	unread	absent	unread	nixos	blind:corp,enforcement,overlay,targets
unread	unread	unread	unread	resolved	darwin	blind:corp,enforcement,overlay,gateway
unread	unread	unread	unread	resolved	nixos	blind:corp,enforcement,overlay,gateway
unread	unread	unread	unread	unread	darwin	blind:corp,enforcement,overlay,gateway,targets
unread	unread	unread	unread	unread	nixos	blind:corp,enforcement,overlay,gateway,targets
